delay_minutes,mean_slippage_bps,median_slippage_bps,mean_spread_cost_bps,mean_total_cost_bps,median_total_cost_bps,p90_total_cost_bps,std_total_cost_bps,n
0,0.0,0.0,1.5760490323231697,1.5760490323231697,0.6536216539164986,4.858051721906861,2.4468855851984945,21
60,33.48383228375068,30.016264971166642,14.84650814111254,48.33034042486322,40.307987498107536,87.64408967464207,29.587903900151456,21
120,56.88017930527795,37.086842664024346,2.3397279859899673,59.219907291267916,37.086842664024346,130.45742753747476,44.732830398700955,21
180,66.62650079993738,45.12726903965115,7.393938081363147,74.02043888130052,55.257705603958065,130.8962825455757,68.29250249753152,21
