delay_minutes,mean_slippage_bps,median_slippage_bps,mean_spread_cost_bps,mean_total_cost_bps,median_total_cost_bps,p90_total_cost_bps,std_total_cost_bps,n
0,0.0,-0.0,1.5760490323231697,1.5760490323231697,0.6536216539164986,4.858051721906861,2.4468855851984945,21
60,16.012877910733806,15.703591753843249,14.84650814111254,30.859386051846347,28.719435215281358,81.25440228027556,35.78049798441435,21
120,50.78539766485154,37.086842664024346,2.3397279859899673,53.125125650841504,37.086842664024346,130.45742753747476,52.060372142011225,21
180,66.62650079993738,45.12726903965115,7.393938081363147,74.02043888130052,55.257705603958065,130.8962825455757,68.29250249753152,21
