event_minute,mean_holding_ratio,median_holding_ratio,n
30,,,0
90,-0.008051585277018117,-0.05476910031909102,17
150,0.1190075549218549,0.6733749030387072,19
210,0.25249596555073767,0.7188619556205176,18
