event_minute,realized_vol,mean_abs_ret,n_obs,realized_vol_bps,mean_abs_ret_bps
-150,0.0012912662455337926,0.0008846971119661854,21,12.912662455337927,8.846971119661854
-90,0.0007174097282708986,0.0005629154327936684,21,7.174097282708986,5.629154327936684
-30,0.0009512818232619494,0.0006992403284612639,21,9.512818232619495,6.992403284612639
30,0.00699945082437225,0.0053259834400193485,21,69.9945082437225,53.25983440019348
90,0.004150709568628984,0.0033484652042192224,21,41.50709568628984,33.484652042192224
150,0.0052885108280556386,0.003929298155078952,21,52.88510828055639,39.29298155078952
210,0.005562390989385024,0.0038688248589933564,21,55.62390989385024,38.688248589933565
