event_minute,mean,median,std
-210,4.441087252000149,2.527856526903252,5.31473702614559
-150,9.216681195434619,6.439984514378126,12.348006783502306
-90,3.3979014011832516,0.9025098189274403,5.104013151982333
-30,6.194707795568986,4.163520653963262,7.532803795902685
30,3.1520980646463395,1.3072433078329972,4.893771170396989
90,29.69301628222508,26.031686922876222,26.507479324955096
150,4.679455971979935,0.0,9.341712824733055
210,14.787876162726294,3.888483262836325,27.888112991601087
