delay_minutes,mean_slippage_bps,median_slippage_bps,mean_spread_cost_bps,mean_total_cost_bps,median_total_cost_bps,p90_total_cost_bps,std_total_cost_bps,n
0,0.0,-0.0,0.41868233468300387,0.41868233468300387,0.4185839571838728,0.4295797804552669,0.009143232638525066,35
1,7.314882265075255,4.438195261952398,0.3522106172086928,7.667092882283948,4.787527024417203,32.607336714623955,20.183394078445282,35
2,11.55769913928493,6.8711770581868645,0.295998537202828,11.853697676487757,7.167324619376447,50.64567841759817,28.02768749298764,35
3,20.502079195073716,12.723092109625448,0.24900301489678506,20.7510822099705,12.98016452786477,65.55503214408313,34.88922624105845,35
5,26.73901856985437,17.528427692348835,0.1760624392721831,26.915081009126556,17.701862019295138,89.86935142216223,45.43294661235892,35
10,36.726754448863154,32.64549932668622,0.07402103882878178,36.80077548769194,32.71953349334167,99.94175488762669,47.339458657385144,35
15,40.44345229381473,31.370826365743405,0.06977917883354323,40.51323147264827,31.441616471390333,106.15585878587198,45.64396696886412,35
30,46.3673757066699,35.45800650772444,0.0697892681302566,46.43716497480016,35.52710894939356,107.55348027938243,43.052769396333005,35
60,53.44982904429772,43.43787116514636,0.06977721223830446,53.51960625653602,43.50975033779629,120.98449342432923,42.342567015920196,35
