lag,mean_autocorr,median_autocorr,n
1,0.4657573668945056,0.47707671458920425,35
2,0.42041345917422046,0.4269407213988969,35
3,0.39590353674905693,0.39945162241287707,35
4,0.378156466454998,0.38469132861746813,35
5,0.33953154610380554,0.3347320209894257,35
6,0.32618479421705826,0.32260615055092307,35
7,0.2867370070605883,0.31145063951039054,35
8,0.24121916563607745,0.24666694016738622,35
9,0.2372327091024433,0.24639659182037216,35
10,0.21399350473183998,0.21311550886691333,35
